{
    "pools": [
        {
            "rolls": {
                "min": 1,
                "max": 1
            },
            "entries": [
                {
                    "type": "item",
                    "name": "minecraft:gold_nugget",
                    "weight": 1,
                    "functions": [
                        {
                            "function": "set_count",
                            "count": {
                                "min": 1,
                                "max": 1
                            }
                        }
                    ]
                },
				{
                    "type": "item",
                    "name": "minecraft:iron_nugget",
                    "weight": 7,
                    "functions": [
                        {
                            "function": "set_count",
                            "count": {
                                "min": 1,
                                "max": 1
                            }
                        }
                    ]
                },
				{
                    "type": "empty",
                    "weight": 92
                }
            ]
        }
    ]
}

