{
    "pools": [
        {
            "rolls": {
                "min": 1,
                "max": 1
            },
            "entries": [
                {
                    "type": "item",
                    "name": "minecraft:scute",
                    "weight": 150,
                    "functions": [
                        {
                            "function": "set_count",
                            "count": {
                                "min": 1,
                                "max": 1
                            }
                        },
						{
                            "function": "set_nbt",
                            "tag": "{coins:200}"
                        }
                    ]
                },
				{
                    "type": "item",
                    "name": "minecraft:scute",
                    "weight": 200,
                    "functions": [
                        {
                            "function": "set_count",
                            "count": {
                                "min": 1,
                                "max": 1
                            }
                        },
						{
                            "function": "set_nbt",
                            "tag": "{coins:500}"
                        }
                    ]
                },
				{
                    "type": "item",
                    "name": "minecraft:scute",
                    "weight": 200,
                    "functions": [
                        {
                            "function": "set_count",
                            "count": {
                                "min": 1,
                                "max": 1
                            }
                        },
						{
                            "function": "set_nbt",
                            "tag": "{coins:1000}"
                        }
                    ]
                },
				{
                    "type": "item",
                    "name": "minecraft:scute",
                    "weight": 150,
                    "functions": [
                        {
                            "function": "set_count",
                            "count": {
                                "min": 1,
                                "max": 1
                            }
                        },
						{
                            "function": "set_nbt",
                            "tag": "{coins:2000}"
                        }
                    ]
                },
				{
                    "type": "item",
                    "name": "minecraft:scute",
                    "weight": 150,
                    "functions": [
                        {
                            "function": "set_count",
                            "count": {
                                "min": 1,
                                "max": 1
                            }
                        },
						{
                            "function": "set_nbt",
                            "tag": "{coins:3000}"
                        }
                    ]
                },
				{
                    "type": "item",
                    "name": "minecraft:scute",
                    "weight": 100,
                    "functions": [
                        {
                            "function": "set_count",
                            "count": {
                                "min": 1,
                                "max": 1
                            }
                        },
						{
                            "function": "set_nbt",
                            "tag": "{coins:5000}"
                        }
                    ]
                },
				{
                    "type": "item",
                    "name": "minecraft:scute",
                    "weight": 25,
                    "functions": [
                        {
                            "function": "set_count",
                            "count": {
                                "min": 1,
                                "max": 1
                            }
                        },
						{
                            "function": "set_nbt",
                            "tag": "{coins:10000}"
                        }
                    ]
                },
				{
                    "type": "item",
                    "name": "minecraft:scute",
                    "weight": 15,
                    "functions": [
                        {
                            "function": "set_count",
                            "count": {
                                "min": 1,
                                "max": 1
                            }
                        },
						{
                            "function": "set_nbt",
                            "tag": "{coins:15000}"
                        }
                    ]
                },
				{
                    "type": "item",
                    "name": "minecraft:scute",
                    "weight": 10,
                    "functions": [
                        {
                            "function": "set_count",
                            "count": {
                                "min": 1,
                                "max": 1
                            }
                        },
						{
                            "function": "set_nbt",
                            "tag": "{coins:20000}"
                        }
                    ]
                }
            ]
        }
    ]
}

