{
    "pools": [
        {
            "rolls": {
                "min": 1,
                "max": 1
            },
            "entries": [
                {
                    "type": "item",
                    "name": "minecraft:scute",
                    "weight": 50,
                    "functions": [
                        {
                            "function": "set_count",
                            "count": {
                                "min": 1,
                                "max": 1
                            }
                        },
						{
                            "function": "set_nbt",
                            "tag": "{trail:1}"
                        }
                    ]
                },
				{
                    "type": "item",
                    "name": "minecraft:scute",
                    "weight": 50,
                    "functions": [
                        {
                            "function": "set_count",
                            "count": {
                                "min": 1,
                                "max": 1
                            }
                        },
						{
                            "function": "set_nbt",
                            "tag": "{trail:2}"
                        }
                    ]
                },
				{
                    "type": "item",
                    "name": "minecraft:scute",
                    "weight": 50,
                    "functions": [
                        {
                            "function": "set_count",
                            "count": {
                                "min": 1,
                                "max": 1
                            }
                        },
						{
                            "function": "set_nbt",
                            "tag": "{trail:3}"
                        }
                    ]
                },
				{
                    "type": "item",
                    "name": "minecraft:scute",
                    "weight": 50,
                    "functions": [
                        {
                            "function": "set_count",
                            "count": {
                                "min": 1,
                                "max": 1
                            }
                        },
						{
                            "function": "set_nbt",
                            "tag": "{trail:4}"
                        }
                    ]
                },
				{
                    "type": "item",
                    "name": "minecraft:scute",
                    "weight": 50,
                    "functions": [
                        {
                            "function": "set_count",
                            "count": {
                                "min": 1,
                                "max": 1
                            }
                        },
						{
                            "function": "set_nbt",
                            "tag": "{trail:5}"
                        }
                    ]
                },
				{
                    "type": "item",
                    "name": "minecraft:scute",
                    "weight": 5,
                    "functions": [
                        {
                            "function": "set_count",
                            "count": {
                                "min": 1,
                                "max": 1
                            }
                        },
						{
                            "function": "set_nbt",
                            "tag": "{trail:6}"
                        }
                    ]
                },
				{
                    "type": "item",
                    "name": "minecraft:scute",
                    "weight": 50,
                    "functions": [
                        {
                            "function": "set_count",
                            "count": {
                                "min": 1,
                                "max": 1
                            }
                        },
						{
                            "function": "set_nbt",
                            "tag": "{trail:7}"
                        }
                    ]
                },
				{
                    "type": "item",
                    "name": "minecraft:scute",
                    "weight": 30,
                    "functions": [
                        {
                            "function": "set_count",
                            "count": {
                                "min": 1,
                                "max": 1
                            }
                        },
						{
                            "function": "set_nbt",
                            "tag": "{trail:8}"
                        }
                    ]
                },
				{
                    "type": "item",
                    "name": "minecraft:scute",
                    "weight": 30,
                    "functions": [
                        {
                            "function": "set_count",
                            "count": {
                                "min": 1,
                                "max": 1
                            }
                        },
						{
                            "function": "set_nbt",
                            "tag": "{trail:9}"
                        }
                    ]
                },
				{
                    "type": "item",
                    "name": "minecraft:scute",
                    "weight": 30,
                    "functions": [
                        {
                            "function": "set_count",
                            "count": {
                                "min": 1,
                                "max": 1
                            }
                        },
						{
                            "function": "set_nbt",
                            "tag": "{trail:10}"
                        }
                    ]
                },
				{
                    "type": "item",
                    "name": "minecraft:scute",
                    "weight": 30,
                    "functions": [
                        {
                            "function": "set_count",
                            "count": {
                                "min": 1,
                                "max": 1
                            }
                        },
						{
                            "function": "set_nbt",
                            "tag": "{trail:11}"
                        }
                    ]
                },
				{
                    "type": "item",
                    "name": "minecraft:scute",
                    "weight": 30,
                    "functions": [
                        {
                            "function": "set_count",
                            "count": {
                                "min": 1,
                                "max": 1
                            }
                        },
						{
                            "function": "set_nbt",
                            "tag": "{trail:12}"
                        }
                    ]
                },
				{
                    "type": "item",
                    "name": "minecraft:scute",
                    "weight": 15,
                    "functions": [
                        {
                            "function": "set_count",
                            "count": {
                                "min": 1,
                                "max": 1
                            }
                        },
						{
                            "function": "set_nbt",
                            "tag": "{trail:13}"
                        }
                    ]
                },
				{
                    "type": "item",
                    "name": "minecraft:scute",
                    "weight": 15,
                    "functions": [
                        {
                            "function": "set_count",
                            "count": {
                                "min": 1,
                                "max": 1
                            }
                        },
						{
                            "function": "set_nbt",
                            "tag": "{trail:14}"
                        }
                    ]
                },
				{
                    "type": "item",
                    "name": "minecraft:scute",
                    "weight": 15,
                    "functions": [
                        {
                            "function": "set_count",
                            "count": {
                                "min": 1,
                                "max": 1
                            }
                        },
						{
                            "function": "set_nbt",
                            "tag": "{trail:15}"
                        }
                    ]
                },
				{
                    "type": "item",
                    "name": "minecraft:scute",
                    "weight": 15,
                    "functions": [
                        {
                            "function": "set_count",
                            "count": {
                                "min": 1,
                                "max": 1
                            }
                        },
						{
                            "function": "set_nbt",
                            "tag": "{trail:16}"
                        }
                    ]
                },
				{
                    "type": "item",
                    "name": "minecraft:scute",
                    "weight": 5,
                    "functions": [
                        {
                            "function": "set_count",
                            "count": {
                                "min": 1,
                                "max": 1
                            }
                        },
						{
                            "function": "set_nbt",
                            "tag": "{trail:17}"
                        }
                    ]
                },
				{
                    "type": "item",
                    "name": "minecraft:scute",
                    "weight": 5,
                    "functions": [
                        {
                            "function": "set_count",
                            "count": {
                                "min": 1,
                                "max": 1
                            }
                        },
						{
                            "function": "set_nbt",
                            "tag": "{trail:18}"
                        }
                    ]
                },
				{
                    "type": "item",
                    "name": "minecraft:scute",
                    "weight": 5,
                    "functions": [
                        {
                            "function": "set_count",
                            "count": {
                                "min": 1,
                                "max": 1
                            }
                        },
						{
                            "function": "set_nbt",
                            "tag": "{trail:19}"
                        }
                    ]
                },
				{
                    "type": "item",
                    "name": "minecraft:scute",
                    "weight": 5,
                    "functions": [
                        {
                            "function": "set_count",
                            "count": {
                                "min": 1,
                                "max": 1
                            }
                        },
						{
                            "function": "set_nbt",
                            "tag": "{trail:20}"
                        }
                    ]
                },
				{
                    "type": "item",
                    "name": "minecraft:scute",
                    "weight": 30,
                    "functions": [
                        {
                            "function": "set_count",
                            "count": {
                                "min": 1,
                                "max": 1
                            }
                        },
						{
                            "function": "set_nbt",
                            "tag": "{alternative:1}"
                        }
                    ]
                },
				{
                    "type": "item",
                    "name": "minecraft:scute",
                    "weight": 15,
                    "functions": [
                        {
                            "function": "set_count",
                            "count": {
                                "min": 1,
                                "max": 1
                            }
                        },
						{
                            "function": "set_nbt",
                            "tag": "{alternative:2}"
                        }
                    ]
                },
				{
                    "type": "item",
                    "name": "minecraft:scute",
                    "weight": 30,
                    "functions": [
                        {
                            "function": "set_count",
                            "count": {
                                "min": 1,
                                "max": 1
                            }
                        },
						{
                            "function": "set_nbt",
                            "tag": "{alternative:3}"
                        }
                    ]
                },
				{
                    "type": "item",
                    "name": "minecraft:scute",
                    "weight": 30,
                    "functions": [
                        {
                            "function": "set_count",
                            "count": {
                                "min": 1,
                                "max": 1
                            }
                        },
						{
                            "function": "set_nbt",
                            "tag": "{alternative:4}"
                        }
                    ]
                },
				{
                    "type": "item",
                    "name": "minecraft:scute",
                    "weight": 30,
                    "functions": [
                        {
                            "function": "set_count",
                            "count": {
                                "min": 1,
                                "max": 1
                            }
                        },
						{
                            "function": "set_nbt",
                            "tag": "{alternative:5}"
                        }
                    ]
                },
				{
                    "type": "item",
                    "name": "minecraft:scute",
                    "weight": 30,
                    "functions": [
                        {
                            "function": "set_count",
                            "count": {
                                "min": 1,
                                "max": 1
                            }
                        },
						{
                            "function": "set_nbt",
                            "tag": "{alternative:6}"
                        }
                    ]
                },
				{
                    "type": "item",
                    "name": "minecraft:scute",
                    "weight": 30,
                    "functions": [
                        {
                            "function": "set_count",
                            "count": {
                                "min": 1,
                                "max": 1
                            }
                        },
						{
                            "function": "set_nbt",
                            "tag": "{alternative:7}"
                        }
                    ]
                },
				{
                    "type": "item",
                    "name": "minecraft:scute",
                    "weight": 15,
                    "functions": [
                        {
                            "function": "set_count",
                            "count": {
                                "min": 1,
                                "max": 1
                            }
                        },
						{
                            "function": "set_nbt",
                            "tag": "{alternative:8}"
                        }
                    ]
                },
				{
                    "type": "item",
                    "name": "minecraft:scute",
                    "weight": 30,
                    "functions": [
                        {
                            "function": "set_count",
                            "count": {
                                "min": 1,
                                "max": 1
                            }
                        },
						{
                            "function": "set_nbt",
                            "tag": "{alternative:9}"
                        }
                    ]
                },
				{
                    "type": "item",
                    "name": "minecraft:scute",
                    "weight": 15,
                    "functions": [
                        {
                            "function": "set_count",
                            "count": {
                                "min": 1,
                                "max": 1
                            }
                        },
						{
                            "function": "set_nbt",
                            "tag": "{alternative:10}"
                        }
                    ]
                }
            ]
        }
    ]
}

