{
  "display": {
    "icon": {
      "item": "minecraft:diamond_sword"
    },
    "title": "Junglobe",
    "description": "Enjoy the long journey.",
    "frame": "task",
    "show_toast": false,
    "announce_to_chat": false,
    "hidden": false,
    "background": "minecraft:textures/block/lime_terracotta.png"
  },
  "criteria": {
    "crafting_table": {
      "trigger": "minecraft:inventory_changed",
      "conditions": {
        "items": [
          {
            "item": "minecraft:crafting_table"
          }
        ]
      }
    }
  },
  "requirements": [
    [
      "crafting_table"
    ]
  ]
}